{
  "TEST": {
    "articles": [],
    "timestamp": 1779743883.820037
  },
  "EMPTY": {
    "articles": [],
    "timestamp": 1779743903.688905
  }
}